stop_name,stop_lat,stop_lon
Klaus Building EB,33.777097,-84.395484
Clough Commons,33.775274,-84.396138
College of Business,33.77677,-84.387753
MARTA Midtown Station,33.78082162,-84.38640592
Student Center,33.77342787,-84.39917304
