stop_name,stop_lat,stop_lon,total_demand
Klaus Building EB,33.777097,-84.395484,1144
Clough Commons,33.775274,-84.396138,723
College of Business,33.77677,-84.387753,421
MARTA Midtown Station,33.78082162,-84.38640592,421
Student Center,33.77342787,-84.39917304,723
